variable,mean_leavers,mean_stayers,cohens_d,p_value
satisfaction_level,0.4400980117614114,0.666809590479524,-0.9894834735180457,0.0
last_evaluation,0.7181125735088211,0.7154733986699335,0.015418341273544656,0.46827496132319124
number_project,3.8555026603192384,3.786664333216661,0.05586235779476986,0.03034067862500858
average_montly_hours,207.41921030523662,199.0602030101505,0.16779192664638892,5.907054681196632e-14
tenure_years,3.876505180621675,3.3800315015750786,0.3436300543203892,1.5950778720287595e-110
